ID	A1	OR	P	logOR
11:68995278:G:A	A	1.42045	4.6195000000000004e-09	0.1524259511133221
3:169491729:T:A	A	0.493576	9.071790000000001e-10	-0.3066459659135728
8:128074135:GCAGGAGAA:G	G	1.59153	1.8188099999999998e-16	0.2018148293922471
8:128103969:C:T	T	1.42688	1.84595e-14	0.15438745066951323
8:128124916:C:A	C	0.742946	6.31743e-11	-0.12904275118462877
8:128142502:T:A	A	1.33476	2.49479e-08	0.1254031832692612
8:128162026:G:A	A	2.13423	6.74228e-11	0.32924122031259995
8:128192606:CTTTTTTTTTTTT:C	C	1.43382	5.754590000000001e-10	0.15649463395841395
8:128197295:T:G	G	1.4675799999999999	7.94029e-12	0.1666017846123765
8:128218040:G:C	C	1.34786	5.94421e-08	0.12964478508875293
